{"cameraMode":{"drawMode":3,"name":"Shadow Cascades","section":"Miscellaneous"},"sceneLighting":true,"audioPlay":false,"sceneViewState":{"m_AlwaysRefresh":false,"showFog":true,"showSkybox":true,"showFlares":true,"showImageEffects":true,"showParticleSystems":true,"showVisualEffectGraphs":true,"m_FxEnabled":true},"in2DMode":false,"pivot":{"x":-0.0448758527636528,"y":4.588290214538574,"z":-3.3186051845550539},"rotation":{"x":0.5954434275627136,"y":0.0024176468141376974,"z":-0.001767156645655632,"w":0.8034136891365051},"size":0.039740875363349918,"orthographic":false}